<?xml version="1.0" encoding="UTF-8"?>
<metadata xml:lang="en"><Esri><CreaDate>20140724</CreaDate><CreaTime>14072800</CreaTime><ArcGISFormat>1.0</ArcGISFormat><SyncOnce>FALSE</SyncOnce><DataProperties><lineage><Process ToolSource="C:\Program Files\ArcGIS\Desktop10.0\ArcToolbox\Toolboxes\Data Management Tools.tbx\CalculateField" Date="20140701" Time="143845">CalculateField 1302000000 PROVNO12_2 [PRVNO_2_12] VB #</Process><Process ToolSource="C:\Program Files\ArcGIS\Desktop10.0\ArcToolbox\Toolboxes\Data Management Tools.tbx\DeleteField" Date="20140701" Time="143855">DeleteField 1302000000 PRVNO_2_12</Process><Process ToolSource="C:\Program Files\ArcGIS\Desktop10.0\ArcToolbox\Toolboxes\Data Management Tools.tbx\CalculateField" Date="20140701" Time="144018">CalculateField 1302000000 KABNO12_2 [KABNO_2_12] VB #</Process><Process ToolSource="C:\Program Files\ArcGIS\Desktop10.0\ArcToolbox\Toolboxes\Data Management Tools.tbx\DeleteField" Date="20140701" Time="144028">DeleteField 1302000000 KABNO_2_12</Process><Process ToolSource="C:\Program Files\ArcGIS\Desktop10.0\ArcToolbox\Toolboxes\Data Management Tools.tbx\CalculateField" Date="20140701" Time="144102">CalculateField 1302000000 KECNO12_2 [KECNO_2_12] VB #</Process><Process ToolSource="C:\Program Files\ArcGIS\Desktop10.0\ArcToolbox\Toolboxes\Data Management Tools.tbx\DeleteField" Date="20140701" Time="144111">DeleteField 1302000000 KECNO_2_12</Process><Process ToolSource="C:\Program Files\ArcGIS\Desktop10.0\ArcToolbox\Toolboxes\Data Management Tools.tbx\CalculateField" Date="20140701" Time="144144">CalculateField 1302000000 DESANO12_2 [DESNO_2_12] VB #</Process><Process ToolSource="C:\Program Files\ArcGIS\Desktop10.0\ArcToolbox\Toolboxes\Data Management Tools.tbx\DeleteField" Date="20140701" Time="144156">DeleteField 1302000000 DESNO_2_12</Process><Process ToolSource="C:\Program Files\ArcGIS\Desktop10.0\ArcToolbox\Toolboxes\Data Management Tools.tbx\CalculateField" Date="20140701" Time="144304">CalculateField 1302000000 PROV_12_2 [PRVNM_2_12] VB #</Process><Process ToolSource="C:\Program Files\ArcGIS\Desktop10.0\ArcToolbox\Toolboxes\Data Management Tools.tbx\DeleteField" Date="20140701" Time="144313">DeleteField 1302000000 PRVNM_2_12</Process><Process ToolSource="C:\Program Files\ArcGIS\Desktop10.0\ArcToolbox\Toolboxes\Data Management Tools.tbx\CalculateField" Date="20140701" Time="145344">CalculateField 1302000000 KABKOT12_2 [KABNM_2_12] VB #</Process><Process ToolSource="C:\Program Files\ArcGIS\Desktop10.0\ArcToolbox\Toolboxes\Data Management Tools.tbx\DeleteField" Date="20140701" Time="145415">DeleteField 1302000000 KABNM_2_12</Process><Process ToolSource="C:\Program Files\ArcGIS\Desktop10.0\ArcToolbox\Toolboxes\Data Management Tools.tbx\CalculateField" Date="20140701" Time="145450">CalculateField 1302000000 KEC_12_2 [KECNM_2_12] VB #</Process><Process ToolSource="C:\Program Files\ArcGIS\Desktop10.0\ArcToolbox\Toolboxes\Data Management Tools.tbx\DeleteField" Date="20140701" Time="145502">DeleteField 1302000000 KECNM_2_12</Process><Process ToolSource="C:\Program Files\ArcGIS\Desktop10.0\ArcToolbox\Toolboxes\Data Management Tools.tbx\CalculateField" Date="20140701" Time="145528">CalculateField 1302000000 DESA_12_2 [DESNM_2_12] VB #</Process><Process ToolSource="C:\Program Files\ArcGIS\Desktop10.0\ArcToolbox\Toolboxes\Data Management Tools.tbx\DeleteField" Date="20140701" Time="145536">DeleteField 1302000000 DESNM_2_12</Process><Process ToolSource="C:\Program Files (x86)\ArcGIS\Desktop10.0\ArcToolbox\Toolboxes\Data Management Tools.tbx\CalculateField" Date="20140724" Time="134502">CalculateField 13untukdigabung PROVNO [PROVNO12_2] VB #</Process><Process ToolSource="C:\Program Files (x86)\ArcGIS\Desktop10.0\ArcToolbox\Toolboxes\Data Management Tools.tbx\CalculateField" Date="20140724" Time="134535">CalculateField 13untukdigabung KABKOTNO [KABNO12_2] VB #</Process><Process ToolSource="C:\Program Files (x86)\ArcGIS\Desktop10.0\ArcToolbox\Toolboxes\Data Management Tools.tbx\CalculateField" Date="20140724" Time="134608">CalculateField 13untukdigabung KECNO [KECNO12_2] VB #</Process><Process ToolSource="C:\Program Files (x86)\ArcGIS\Desktop10.0\ArcToolbox\Toolboxes\Data Management Tools.tbx\CalculateField" Date="20140724" Time="134623">CalculateField 13untukdigabung DESANO [DESANO12_2] VB #</Process><Process ToolSource="C:\Program Files (x86)\ArcGIS\Desktop10.0\ArcToolbox\Toolboxes\Data Management Tools.tbx\CalculateField" Date="20140724" Time="134651">CalculateField 13untukdigabung PROVINSI [PROV_12_2] VB #</Process><Process ToolSource="C:\Program Files (x86)\ArcGIS\Desktop10.0\ArcToolbox\Toolboxes\Data Management Tools.tbx\CalculateField" Date="20140724" Time="134709">CalculateField 13untukdigabung KABKOT [KABKOT12_2] VB #</Process><Process ToolSource="C:\Program Files (x86)\ArcGIS\Desktop10.0\ArcToolbox\Toolboxes\Data Management Tools.tbx\CalculateField" Date="20140724" Time="134732">CalculateField 13untukdigabung KECAMATAN [KEC_12_2] VB #</Process><Process ToolSource="C:\Program Files (x86)\ArcGIS\Desktop10.0\ArcToolbox\Toolboxes\Data Management Tools.tbx\CalculateField" Date="20140724" Time="134745">CalculateField 13untukdigabung DESA [DESA_12_2] VB #</Process><Process ToolSource="C:\Program Files (x86)\ArcGIS\Desktop10.0\ArcToolbox\Toolboxes\Data Management Tools.tbx\CalculateField" Date="20140724" Time="134811">CalculateField 13untukdigabung DESA_1 [DESA] VB #</Process><Process ToolSource="C:\Program Files (x86)\ArcGIS\Desktop10.0\ArcToolbox\Toolboxes\Data Management Tools.tbx\CalculateField" Date="20140724" Time="134832">CalculateField 13untukdigabung ID2012 [KODE12_2] VB #</Process><Process ToolSource="C:\Program Files (x86)\ArcGIS\Desktop10.0\ArcToolbox\Toolboxes\Data Management Tools.tbx\CalculateField" Date="20140724" Time="134907">CalculateField 13untukdigabung ID2013 [ID2012] VB #</Process><Process ToolSource="C:\Program Files (x86)\ArcGIS\Desktop10.0\ArcToolbox\Toolboxes\Data Management Tools.tbx\CalculateField" Date="20140724" Time="134947">CalculateField 13untukdigabung IDKAB2 "[PROVNO] &amp; [KABKOTNO]" VB #</Process><Process ToolSource="C:\Program Files (x86)\ArcGIS\Desktop10.0\ArcToolbox\Toolboxes\Data Management Tools.tbx\CalculateField" Date="20140724" Time="134953">CalculateField 13untukdigabung IDKEC_2 "[PROVNO] &amp; [KABKOTNO] &amp; [KECNO]" VB #</Process><Process ToolSource="C:\Program Files (x86)\ArcGIS\Desktop10.0\ArcToolbox\Toolboxes\Data Management Tools.tbx\Merge" Date="20140724" Time="140912">Merge 13012013;dua_gab_2013 F:\SHP_desa_ST13\201313.shp "PROVNO "PROVNO" true true false 2 Text 0 0 ,First,#,13012013,PROVNO,-1,-1,dua_gab_2013,PROVNO,-1,-1;KABKOTNO "KABKOTNO" true true false 2 Text 0 0 ,First,#,13012013,KABKOTNO,-1,-1,dua_gab_2013,KABKOTNO,-1,-1;KECNO "KECNO" true true false 3 Text 0 0 ,First,#,13012013,KECNO,-1,-1,dua_gab_2013,KECNO,-1,-1;DESANO "DESANO" true true false 3 Text 0 0 ,First,#,13012013,DESANO,-1,-1,dua_gab_2013,DESANO,-1,-1;PROVINSI "PROVINSI" true true false 50 Text 0 0 ,First,#,13012013,PROVINSI,-1,-1,dua_gab_2013,PROVINSI,-1,-1;KABKOT "KABKOT" true true false 50 Text 0 0 ,First,#,13012013,KABKOT,-1,-1,dua_gab_2013,KABKOT,-1,-1;KECAMATAN "KECAMATAN" true true false 50 Text 0 0 ,First,#,13012013,KECAMATAN,-1,-1,dua_gab_2013,KECAMATAN,-1,-1;DESA "DESA" true true false 50 Text 0 0 ,First,#,13012013,DESA,-1,-1,dua_gab_2013,DESA,-1,-1;DESA_1 "DESA_1" true true false 50 Text 0 0 ,First,#,13012013,DESA_1,-1,-1,dua_gab_2013,DESA_1,-1,-1;ID2012 "ID2012" true true false 10 Text 0 0 ,First,#,13012013,ID2012,-1,-1,dua_gab_2013,ID2012,-1,-1;ID2013 "ID2013" true true false 10 Text 0 0 ,First,#,13012013,ID2013,-1,-1,dua_gab_2013,ID2013,-1,-1;IDKAB2 "IDKAB2" true true false 4 Text 0 0 ,First,#,13012013,IDKAB2,-1,-1,dua_gab_2013,IDKAB2,-1,-1;IDKEC_2 "IDKEC_2" true true false 7 Text 0 0 ,First,#,13012013,IDKEC_2,-1,-1,dua_gab_2013,IDKEC_2,-1,-1"</Process><Process ToolSource="C:\Program Files (x86)\ArcGIS\Desktop10.0\ArcToolbox\Toolboxes\Data Management Tools.tbx\Merge" Date="20140812" Time="150410">Merge 201313;6200DESA_2014_1 F:\SHP_desa_ST13\201313_2.shp "PROVNO "PROVNO" true true false 2 Text 0 0 ,First,#,201313,PROVNO,-1,-1,6200DESA_2014_1,PROVNO,-1,-1;KABKOTNO "KABKOTNO" true true false 2 Text 0 0 ,First,#,201313,KABKOTNO,-1,-1,6200DESA_2014_1,KABKOTNO,-1,-1;KECNO "KECNO" true true false 3 Text 0 0 ,First,#,201313,KECNO,-1,-1,6200DESA_2014_1,KECNO,-1,-1;DESANO "DESANO" true true false 3 Text 0 0 ,First,#,201313,DESANO,-1,-1,6200DESA_2014_1,DESANO,-1,-1;PROVINSI "PROVINSI" true true false 50 Text 0 0 ,First,#,201313,PROVINSI,-1,-1,6200DESA_2014_1,PROVINSI,-1,-1;KABKOT "KABKOT" true true false 50 Text 0 0 ,First,#,201313,KABKOT,-1,-1,6200DESA_2014_1,KABKOT,-1,-1;KECAMATAN "KECAMATAN" true true false 50 Text 0 0 ,First,#,201313,KECAMATAN,-1,-1,6200DESA_2014_1,KECAMATAN,-1,-1;DESA "DESA" true true false 50 Text 0 0 ,First,#,201313,DESA,-1,-1,6200DESA_2014_1,DESA,-1,-1;DESA_1 "DESA_1" true true false 50 Text 0 0 ,First,#,201313,DESA_1,-1,-1,6200DESA_2014_1,desa_1,-1,-1;ID2012 "ID2012" true true false 10 Text 0 0 ,First,#,201313,ID2012,-1,-1,6200DESA_2014_1,id2012,-1,-1;ID2013 "ID2013" true true false 10 Text 0 0 ,First,#,201313,ID2013,-1,-1,6200DESA_2014_1,id2013,-1,-1;IDKAB2 "IDKAB2" true true false 4 Text 0 0 ,First,#,201313,IDKAB2,-1,-1,6200DESA_2014_1,idkab2,-1,-1;IDKEC_2 "IDKEC_2" true true false 7 Text 0 0 ,First,#,201313,IDKEC_2,-1,-1,6200DESA_2014_1,idkec_2,-1,-1"</Process><Process ToolSource="C:\Program Files (x86)\ArcGIS\Desktop10.0\ArcToolbox\Toolboxes\Data Management Tools.tbx\Merge" Date="20140813" Time="084613">Merge 201313_2;Peta_Subulussalam_per_Desa F:\SHP_desa_ST13\201313_3.shp "PROVNO "PROVNO" true true false 2 Text 0 0 ,First,#,201313_2,PROVNO,-1,-1,Peta_Subulussalam_per_Desa,provno,-1,-1;KABKOTNO "KABKOTNO" true true false 2 Text 0 0 ,First,#,201313_2,KABKOTNO,-1,-1,Peta_Subulussalam_per_Desa,kabkotno,-1,-1;KECNO "KECNO" true true false 3 Text 0 0 ,First,#,201313_2,KECNO,-1,-1,Peta_Subulussalam_per_Desa,kecno,-1,-1;DESANO "DESANO" true true false 3 Text 0 0 ,First,#,201313_2,DESANO,-1,-1,Peta_Subulussalam_per_Desa,desano,-1,-1;PROVINSI "PROVINSI" true true false 50 Text 0 0 ,First,#,201313_2,PROVINSI,-1,-1,Peta_Subulussalam_per_Desa,PROVINSI,-1,-1;KABKOT "KABKOT" true true false 50 Text 0 0 ,First,#,201313_2,KABKOT,-1,-1,Peta_Subulussalam_per_Desa,kabkot,-1,-1;KECAMATAN "KECAMATAN" true true false 50 Text 0 0 ,First,#,201313_2,KECAMATAN,-1,-1,Peta_Subulussalam_per_Desa,KECAMATAN,-1,-1;DESA "DESA" true true false 50 Text 0 0 ,First,#,201313_2,DESA,-1,-1,Peta_Subulussalam_per_Desa,DESA,-1,-1;DESA_1 "DESA_1" true true false 50 Text 0 0 ,First,#,201313_2,DESA_1,-1,-1,Peta_Subulussalam_per_Desa,desa_1,-1,-1;ID2012 "ID2012" true true false 10 Text 0 0 ,First,#,201313_2,ID2012,-1,-1,Peta_Subulussalam_per_Desa,id2012,-1,-1;ID2013 "ID2013" true true false 10 Text 0 0 ,First,#,201313_2,ID2013,-1,-1,Peta_Subulussalam_per_Desa,id2013,-1,-1;IDKAB2 "IDKAB2" true true false 4 Text 0 0 ,First,#,201313_2,IDKAB2,-1,-1,Peta_Subulussalam_per_Desa,idkab2,-1,-1;IDKEC_2 "IDKEC_2" true true false 7 Text 0 0 ,First,#,201313_2,IDKEC_2,-1,-1,Peta_Subulussalam_per_Desa,idkec_2,-1,-1"</Process><Process ToolSource="C:\Program Files (x86)\ArcGIS\Desktop10.0\ArcToolbox\Toolboxes\Data Management Tools.tbx\Merge" Date="20140813" Time="090650">Merge 201313_3;Peta_Aceh_Jaya_per_desa F:\SHP_desa_ST13\201313_4.shp "PROVNO "PROVNO" true true false 2 Text 0 0 ,First,#,201313_3,PROVNO,-1,-1,Peta_Aceh_Jaya_per_desa,PROVNO,-1,-1;KABKOTNO "KABKOTNO" true true false 2 Text 0 0 ,First,#,201313_3,KABKOTNO,-1,-1,Peta_Aceh_Jaya_per_desa,KABKOTNO,-1,-1;KECNO "KECNO" true true false 3 Text 0 0 ,First,#,201313_3,KECNO,-1,-1,Peta_Aceh_Jaya_per_desa,KECNO,-1,-1;DESANO "DESANO" true true false 3 Text 0 0 ,First,#,201313_3,DESANO,-1,-1,Peta_Aceh_Jaya_per_desa,DESANO,-1,-1;PROVINSI "PROVINSI" true true false 50 Text 0 0 ,First,#,201313_3,PROVINSI,-1,-1,Peta_Aceh_Jaya_per_desa,PROVINSI,-1,-1;KABKOT "KABKOT" true true false 50 Text 0 0 ,First,#,201313_3,KABKOT,-1,-1,Peta_Aceh_Jaya_per_desa,KABKOT,-1,-1;KECAMATAN "KECAMATAN" true true false 50 Text 0 0 ,First,#,201313_3,KECAMATAN,-1,-1,Peta_Aceh_Jaya_per_desa,KECAMATAN,-1,-1;DESA "DESA" true true false 50 Text 0 0 ,First,#,201313_3,DESA,-1,-1,Peta_Aceh_Jaya_per_desa,DESA,-1,-1;DESA_1 "DESA_1" true true false 50 Text 0 0 ,First,#,201313_3,DESA_1,-1,-1,Peta_Aceh_Jaya_per_desa,DESA_1,-1,-1;ID2012 "ID2012" true true false 10 Text 0 0 ,First,#,201313_3,ID2012,-1,-1,Peta_Aceh_Jaya_per_desa,ID2012,-1,-1;ID2013 "ID2013" true true false 10 Text 0 0 ,First,#,201313_3,ID2013,-1,-1,Peta_Aceh_Jaya_per_desa,ID2013,-1,-1;IDKAB2 "IDKAB2" true true false 4 Text 0 0 ,First,#,201313_3,IDKAB2,-1,-1,Peta_Aceh_Jaya_per_desa,IDKAB2,-1,-1;IDKEC_2 "IDKEC_2" true true false 7 Text 0 0 ,First,#,201313_3,IDKEC_2,-1,-1,Peta_Aceh_Jaya_per_desa,IDKEC_2,-1,-1"</Process><Process ToolSource="C:\Program Files (x86)\ArcGIS\Desktop10.0\ArcToolbox\Toolboxes\Data Management Tools.tbx\CalculateField" Date="20140819" Time="125759">CalculateField POLY1101 DESA [DESA_1] VB #</Process><Process ToolSource="c:\program files (x86)\arcgis\desktop10.2\ArcToolbox\Toolboxes\Data Management Tools.tbx\CalculateField" Date="20141111" Time="103752">CalculateField indo_by_desa_511kabkota PROVNO [PROVNOST13] VB #</Process><Process ToolSource="c:\program files (x86)\arcgis\desktop10.2\ArcToolbox\Toolboxes\Data Management Tools.tbx\CalculateField" Date="20141111" Time="103806">CalculateField indo_by_desa_511kabkota KABKOTNO [KABKOTNOST] VB #</Process><Process ToolSource="c:\program files (x86)\arcgis\desktop10.2\ArcToolbox\Toolboxes\Data Management Tools.tbx\CalculateField" Date="20141111" Time="103814">CalculateField indo_by_desa_511kabkota KECNO [KECNOST13] VB #</Process><Process ToolSource="c:\program files (x86)\arcgis\desktop10.2\ArcToolbox\Toolboxes\Data Management Tools.tbx\CalculateField" Date="20141111" Time="103822">CalculateField indo_by_desa_511kabkota DESANO [DESANOST13] VB #</Process><Process ToolSource="c:\program files (x86)\arcgis\desktop10.2\ArcToolbox\Toolboxes\Data Management Tools.tbx\CalculateField" Date="20141111" Time="103838">CalculateField indo_by_desa_511kabkota PROVINSI [PROV_ST13] VB #</Process><Process ToolSource="c:\program files (x86)\arcgis\desktop10.2\ArcToolbox\Toolboxes\Data Management Tools.tbx\CalculateField" Date="20141111" Time="103847">CalculateField indo_by_desa_511kabkota KABKOT [KABKOTNOST] VB #</Process><Process ToolSource="c:\program files (x86)\arcgis\desktop10.2\ArcToolbox\Toolboxes\Data Management Tools.tbx\CalculateField" Date="20141111" Time="103856">CalculateField indo_by_desa_511kabkota KABKOT [KABKOT_ST] VB #</Process><Process ToolSource="c:\program files (x86)\arcgis\desktop10.2\ArcToolbox\Toolboxes\Data Management Tools.tbx\CalculateField" Date="20141111" Time="103905">CalculateField indo_by_desa_511kabkota KECAMATAN [KEC_ST13] VB #</Process><Process ToolSource="c:\program files (x86)\arcgis\desktop10.2\ArcToolbox\Toolboxes\Data Management Tools.tbx\CalculateField" Date="20141111" Time="103916">CalculateField indo_by_desa_511kabkota ID2013 [KODE_ST13] VB #</Process><Process ToolSource="c:\program files (x86)\arcgis\desktop10.2\ArcToolbox\Toolboxes\Data Management Tools.tbx\CalculateField" Date="20141111" Time="103930">CalculateField indo_by_desa_511kabkota DESA [DESA_ST13] VB #</Process><Process ToolSource="c:\program files (x86)\arcgis\desktop10.2\ArcToolbox\Toolboxes\Data Management Tools.tbx\CalculateField" Date="20141111" Time="103935">CalculateField indo_by_desa_511kabkota DESA_1 [DESA_ST13] VB #</Process><Process ToolSource="c:\program files (x86)\arcgis\desktop10.2\ArcToolbox\Toolboxes\Data Management Tools.tbx\CalculateField" Date="20141111" Time="104456">CalculateField indo_by_desa_511kabkota DESA [DESA_1] VB #</Process><Process ToolSource="c:\program files (x86)\arcgis\desktop10.2\ArcToolbox\Toolboxes\Data Management Tools.tbx\CalculateField" Date="20141111" Time="104640">CalculateField indo_by_desa_511kabkota DESA_1 [DESA] VB #</Process><Process ToolSource="c:\program files (x86)\arcgis\desktop10.2\ArcToolbox\Toolboxes\Data Management Tools.tbx\CalculateField" Date="20141111" Time="104727">CalculateField indo_by_desa_511kabkota ID2013 [KODE_ST13] VB #</Process><Process ToolSource="c:\program files (x86)\arcgis\desktop10.2\ArcToolbox\Toolboxes\Data Management Tools.tbx\CalculateField" Date="20141111" Time="104759">CalculateField indo_by_desa_511kabkota ID2013 [KODE_2013] VB #</Process><Process ToolSource="c:\program files (x86)\arcgis\desktop10.2\ArcToolbox\Toolboxes\Data Management Tools.tbx\CalculateField" Date="20141111" Time="104908">CalculateField indo_by_desa_511kabkota ID2012 "[PROVNO] &amp; [KABKOTNO]" VB #</Process><Process ToolSource="c:\program files (x86)\arcgis\desktop10.2\ArcToolbox\Toolboxes\Data Management Tools.tbx\CalculateField" Date="20141111" Time="104930">CalculateField indo_by_desa_511kabkota ID2012 [ID2013] VB #</Process><Process ToolSource="c:\program files (x86)\arcgis\desktop10.2\ArcToolbox\Toolboxes\Data Management Tools.tbx\CalculateField" Date="20141111" Time="104944">CalculateField indo_by_desa_511kabkota IDKAB2 [PROVNO] VB #</Process><Process ToolSource="c:\program files (x86)\arcgis\desktop10.2\ArcToolbox\Toolboxes\Data Management Tools.tbx\CalculateField" Date="20141111" Time="104954">CalculateField indo_by_desa_511kabkota IDKAB2 "[PROVNO] &amp; [KABKOTNO]" VB #</Process><Process ToolSource="c:\program files (x86)\arcgis\desktop10.2\ArcToolbox\Toolboxes\Data Management Tools.tbx\CalculateField" Date="20141111" Time="105111">CalculateField indo_by_desa_511kabkota IDKEC_2 "[PROVNO] &amp; [KABKOTNO] &amp; [KECNO]" VB #</Process></lineage><itemProps><itemName Sync="TRUE">Indo_Kab_Kot</itemName><imsContentType Sync="TRUE">002</imsContentType><itemSize Sync="TRUE">0.000</itemSize><itemLocation><linkage Sync="TRUE">file://\\ARIF-PC\C$\Users\Arif\Documents\Indo_KabKot\Indo_Kab_Kot.shp</linkage><protocol Sync="TRUE">Local Area Network</protocol></itemLocation></itemProps><coordRef><type Sync="TRUE">Geographic</type><geogcsn Sync="TRUE">GCS_WGS_1984</geogcsn><peXml Sync="TRUE">&lt;GeographicCoordinateSystem xsi:type='typens:GeographicCoordinateSystem' xmlns:xsi='http://www.w3.org/2001/XMLSchema-instance' xmlns:xs='http://www.w3.org/2001/XMLSchema' xmlns:typens='http://www.esri.com/schemas/ArcGIS/10.3'&gt;&lt;WKT&gt;GEOGCS[&amp;quot;GCS_WGS_1984&amp;quot;,DATUM[&amp;quot;D_WGS_1984&amp;quot;,SPHEROID[&amp;quot;WGS_1984&amp;quot;,6378137.0,298.257223563]],PRIMEM[&amp;quot;Greenwich&amp;quot;,0.0],UNIT[&amp;quot;Degree&amp;quot;,0.0174532925199433],AUTHORITY[&amp;quot;EPSG&amp;quot;,4326]]&lt;/WKT&gt;&lt;XOrigin&gt;-400&lt;/XOrigin&gt;&lt;YOrigin&gt;-400&lt;/YOrigin&gt;&lt;XYScale&gt;11258999068426.238&lt;/XYScale&gt;&lt;ZOrigin&gt;-100000&lt;/ZOrigin&gt;&lt;ZScale&gt;10000&lt;/ZScale&gt;&lt;MOrigin&gt;-100000&lt;/MOrigin&gt;&lt;MScale&gt;10000&lt;/MScale&gt;&lt;XYTolerance&gt;8.983152841195215e-009&lt;/XYTolerance&gt;&lt;ZTolerance&gt;0.001&lt;/ZTolerance&gt;&lt;MTolerance&gt;0.001&lt;/MTolerance&gt;&lt;HighPrecision&gt;true&lt;/HighPrecision&gt;&lt;LeftLongitude&gt;-180&lt;/LeftLongitude&gt;&lt;WKID&gt;4326&lt;/WKID&gt;&lt;LatestWKID&gt;4326&lt;/LatestWKID&gt;&lt;/GeographicCoordinateSystem&gt;</peXml><csUnits Sync="TRUE">Angular Unit: Degree (0.017453)</csUnits></coordRef></DataProperties><SyncDate>20160527</SyncDate><SyncTime>22292500</SyncTime><ModDate>20160527</ModDate><ModTime>22292500</ModTime></Esri><dataIdInfo><envirDesc Sync="TRUE">Microsoft Windows 7 Version 6.1 (Build 7601) Service Pack 1; Esri ArcGIS 10.3.0.4284</envirDesc><dataLang><languageCode value="ind" country="IDN"></languageCode><countryCode value="USA" Sync="TRUE"></countryCode></dataLang><idCitation><resTitle Sync="TRUE">Indo_Kab_Kot</resTitle><presForm><PresFormCd value="005"></PresFormCd></presForm></idCitation><descKeys><thesaName uuidref="723f6998-058e-11dc-8314-0800200c9a66"></thesaName><keyword Sync="TRUE">002</keyword></descKeys><spatRpType><SpatRepTypCd value="001"></SpatRepTypCd></spatRpType></dataIdInfo><mdLang><languageCode value="ind"></languageCode><countryCode value="USA" Sync="TRUE"></countryCode></mdLang><mdChar><CharSetCd value="004"></CharSetCd></mdChar><distInfo><distFormat><formatName Sync="TRUE">Shapefile</formatName></distFormat><distTranOps><transSize Sync="TRUE">0.000</transSize></distTranOps></distInfo><mdHrLv><ScopeCd value="005"></ScopeCd></mdHrLv><mdHrLvName Sync="TRUE">dataset</mdHrLvName><refSysInfo><RefSystem><refSysID><identCode code="4326"></identCode><idCodeSpace Sync="TRUE">EPSG</idCodeSpace><idVersion Sync="TRUE">8.2.6</idVersion></refSysID></RefSystem></refSysInfo><spdoinfo><ptvctinf><esriterm Name="Indo_Kab_Kot"><efeatyp Sync="TRUE">Simple</efeatyp><efeageom code="4" Sync="TRUE"></efeageom><esritopo Sync="TRUE">FALSE</esritopo><efeacnt Sync="TRUE">0</efeacnt><spindex Sync="TRUE">FALSE</spindex><linrefer Sync="TRUE">TRUE</linrefer></esriterm></ptvctinf></spdoinfo><spatRepInfo><VectSpatRep><geometObjs Name="Indo_Kab_Kot"><geoObjTyp><GeoObjTypCd value="002" Sync="TRUE"></GeoObjTypCd></geoObjTyp><geoObjCnt Sync="TRUE">0</geoObjCnt></geometObjs><topLvl><TopoLevCd value="001" Sync="TRUE"></TopoLevCd></topLvl></VectSpatRep></spatRepInfo><eainfo><detailed Name="Indo_Kab_Kot"><enttyp><enttypl Sync="TRUE">Indo_Kab_Kot</enttypl><enttypt Sync="TRUE">Feature Class</enttypt><enttypc Sync="TRUE">0</enttypc></enttyp><attr><attrlabl Sync="TRUE">FID</attrlabl><attalias Sync="TRUE">FID</attalias><attrtype Sync="TRUE">OID</attrtype><attwidth Sync="TRUE">4</attwidth><atprecis Sync="TRUE">0</atprecis><attscale Sync="TRUE">0</attscale><attrdef Sync="TRUE">Internal feature number.</attrdef><attrdefs Sync="TRUE">ESRI</attrdefs><attrdomv><udom Sync="TRUE">Sequential unique whole numbers that are automatically generated.</udom></attrdomv></attr><attr><attrlabl Sync="TRUE">Shape</attrlabl><attalias Sync="TRUE">Shape</attalias><attrtype Sync="TRUE">Geometry</attrtype><attwidth Sync="TRUE">0</attwidth><atprecis Sync="TRUE">0</atprecis><attscale Sync="TRUE">0</attscale><attrdef Sync="TRUE">Feature geometry.</attrdef><attrdefs Sync="TRUE">ESRI</attrdefs><attrdomv><udom Sync="TRUE">Coordinates defining the features.</udom></attrdomv></attr><attr><attrlabl Sync="TRUE">PROVNO</attrlabl><attalias Sync="TRUE">PROVNO</attalias><attrtype Sync="TRUE">String</attrtype><attwidth Sync="TRUE">2</attwidth><atprecis Sync="TRUE">0</atprecis><attscale Sync="TRUE">0</attscale></attr><attr><attrlabl Sync="TRUE">KABKOTNO</attrlabl><attalias Sync="TRUE">KABKOTNO</attalias><attrtype Sync="TRUE">String</attrtype><attwidth Sync="TRUE">2</attwidth><atprecis Sync="TRUE">0</atprecis><attscale Sync="TRUE">0</attscale></attr><attr><attrlabl Sync="TRUE">PROVINSI</attrlabl><attalias Sync="TRUE">PROVINSI</attalias><attrtype Sync="TRUE">String</attrtype><attwidth Sync="TRUE">50</attwidth><atprecis Sync="TRUE">0</atprecis><attscale Sync="TRUE">0</attscale></attr><attr><attrlabl Sync="TRUE">KABKOT</attrlabl><attalias Sync="TRUE">KABKOT</attalias><attrtype Sync="TRUE">String</attrtype><attwidth Sync="TRUE">50</attwidth><atprecis Sync="TRUE">0</atprecis><attscale Sync="TRUE">0</attscale></attr></detailed></eainfo><mdDateSt Sync="TRUE">20160527</mdDateSt></metadata>
